FunctionName,FileCount,FileList,ChosenPrimaryFile,Status,Notes
extract_functions_from_file,2,C:\Bldr\analyze_duplicates.py;C:\Bldr\find_duplicates.py,,Pending,
scan_directory,2,C:\Bldr\analyze_duplicates.py;C:\Bldr\find_duplicates.py,,Pending,
find_duplicates,3,C:\Bldr\analyze_duplicates.py;C:\Bldr\core\norms_scan.py;C:\Bldr\find_duplicates.py,,Pending,
main,57,C:\Bldr\ARCHIVE\backup_before_cleanup_2025-09-21_21-21-24\complete_enhanced_bldr_rag_trainer.py;C:\Bldr\ARCHIVE\backup_before_cleanup_2025-09-21_21-21-24\enterprise_rag_trainer_safe.py;C:\Bldr\ARCHIVE\check_neo4j_status.py;C:\Bldr\ARCHIVE\check_status.py;C:\Bldr\ARCHIVE\check_training_status.py;C:\Bldr\ARCHIVE\clean_start_training.py;C:\Bldr\ARCHIVE\comprehensive_debug.py;C:\Bldr\ARCHIVE\comprehensive_debug_v2.py;C:\Bldr\ARCHIVE\debug_auth_issues.py;C:\Bldr\ARCHIVE\demo_russian_ntd.py;C:\Bldr\ARCHIVE\detailed_debug.py;C:\Bldr\ARCHIVE\diagnose_neo4j.py;C:\Bldr\ARCHIVE\fix_frontend_issues.py;C:\Bldr\ARCHIVE\fix_neo4j_connection.py;C:\Bldr\ARCHIVE\fix_neo4j_training_issue.py;C:\Bldr\ARCHIVE\gui_step_by_step_test.py;C:\Bldr\ARCHIVE\install_deps.py;C:\Bldr\ARCHIVE\install_whisper.py;C:\Bldr\ARCHIVE\minimal_tk_test.py;C:\Bldr\ARCHIVE\reset_neo4j_auth.py;C:\Bldr\ARCHIVE\reset_neo4j_password.py;C:\Bldr\ARCHIVE\restart_and_test.py;C:\Bldr\ARCHIVE\restore_ntd.py;C:\Bldr\ARCHIVE\run_clean.py;C:\Bldr\ARCHIVE\run_final_test.py;C:\Bldr\ARCHIVE\run_ntd_rag_training.py;C:\Bldr\ARCHIVE\run_rag_training.py;C:\Bldr\ARCHIVE\safe_rag_training.py;C:\Bldr\ARCHIVE\setup_complete.py;C:\Bldr\ARCHIVE\setup_neo4j.py;C:\Bldr\ARCHIVE\setup_neo4j_manual.py;C:\Bldr\ARCHIVE\simple_gui_test.py;C:\Bldr\ARCHIVE\simple_gui_test_v2.py;C:\Bldr\ARCHIVE\simple_tkinter_test.py;C:\Bldr\ARCHIVE\start_all_services.py;C:\Bldr\ARCHIVE\start_server_and_test.py;C:\Bldr\ARCHIVE\start_training_no_neo4j.py;C:\Bldr\ARCHIVE\test_coordinator.py;C:\Bldr\ARCHIVE\test_coordinator_simple.py;C:\Bldr\ARCHIVE\test_super_smart_coordinator.py;C:\Bldr\ARCHIVE\test_tools.py;C:\Bldr\ARCHIVE\tests\test_comprehensive.py;C:\Bldr\ARCHIVE\tkinter_test.py;C:\Bldr\ARCHIVE\train_downloaded_files.py;C:\Bldr\ARCHIVE\verify_config.py;C:\Bldr\analyze_duplicates.py;C:\Bldr\bldr_gui.py;C:\Bldr\bldr_system_launcher.py;C:\Bldr\emergency_full_reset.py;C:\Bldr\find_duplicates.py;C:\Bldr\interactive_rag_training.py;C:\Bldr\monitor_training.py;C:\Bldr\quick_status.py;C:\Bldr\reset_all_databases.py;C:\Bldr\scripts\generate_function_index.py;C:\Bldr\system_launcher\gui_launcher.py;C:\Bldr\system_launcher\main.py,,Pending,
__init__,103,C:\Bldr\ARCHIVE\backup_before_cleanup_2025-09-21_21-21-24\bldr_api.py;C:\Bldr\ARCHIVE\backup_before_cleanup_2025-09-21_21-21-24\complete_enhanced_bldr_rag_trainer.py;C:\Bldr\ARCHIVE\backup_before_cleanup_2025-09-21_21-21-24\enhanced_bldr_rag_trainer.py;C:\Bldr\ARCHIVE\backup_before_cleanup_2025-09-21_21-21-24\enhanced_bldr_rag_trainer.py;C:\Bldr\ARCHIVE\backup_before_cleanup_2025-09-21_21-21-24\enhanced_bldr_rag_trainer.py;C:\Bldr\ARCHIVE\backup_before_cleanup_2025-09-21_21-21-24\enhanced_bldr_rag_trainer.py;C:\Bldr\ARCHIVE\backup_before_cleanup_2025-09-21_21-21-24\enhanced_bldr_rag_trainer.py;C:\Bldr\ARCHIVE\backup_before_cleanup_2025-09-21_21-21-24\enhanced_bldr_rag_trainer.py;C:\Bldr\ARCHIVE\backup_before_cleanup_2025-09-21_21-21-24\enhanced_bldr_rag_trainer.py;C:\Bldr\ARCHIVE\backup_before_cleanup_2025-09-21_21-21-24\enhanced_bldr_rag_trainer.py;C:\Bldr\ARCHIVE\backup_before_cleanup_2025-09-21_21-21-24\enhanced_bldr_rag_trainer.py;C:\Bldr\ARCHIVE\backup_before_cleanup_2025-09-21_21-21-24\enterprise_rag_trainer_safe.py;C:\Bldr\ARCHIVE\backup_before_cleanup_2025-09-21_21-21-24\master_tools_system.py;C:\Bldr\ARCHIVE\backup_before_cleanup_2025-09-21_21-21-24\master_tools_system.py;C:\Bldr\ARCHIVE\backup_before_cleanup_2025-09-21_21-21-24\master_tools_system.py;C:\Bldr\ARCHIVE\backup_before_cleanup_2025-09-21_21-21-24\projects_api.py;C:\Bldr\ARCHIVE\backup_before_cleanup_2025-09-21_21-21-24\unified_tools_system.py;C:\Bldr\ARCHIVE\direct_token_test.py;C:\Bldr\ARCHIVE\e2e_test_extended_timeouts.py;C:\Bldr\ARCHIVE\enhanced_rag_improvements.py;C:\Bldr\ARCHIVE\enhanced_rag_improvements.py;C:\Bldr\ARCHIVE\enhanced_rag_improvements.py;C:\Bldr\ARCHIVE\enhanced_rag_improvements.py;C:\Bldr\ARCHIVE\final_e2e_test.py;C:\Bldr\ARCHIVE\fixed_enhanced_bldr_rag_trainer.py;C:\Bldr\ARCHIVE\frontend_compatible_rag_integration.py;C:\Bldr\ARCHIVE\frontend_compatible_rag_integration.py;C:\Bldr\ARCHIVE\tests\coordinator_test.py;C:\Bldr\ARCHIVE\tests\full_project_integration_test.py;C:\Bldr\ARCHIVE\tests\integration_test.py;C:\Bldr\ARCHIVE\tests\pro_tools_real_test.py;C:\Bldr\ARCHIVE\tests\project_integration_test.py;C:\Bldr\async_ai_improvements.py;C:\Bldr\backend\core\websocket_manager.py;C:\Bldr\background_rag_training.py;C:\Bldr\bldr_gui.py;C:\Bldr\bldr_gui_manager.py;C:\Bldr\bldr_system_launcher.py;C:\Bldr\core\agents\conversation_history.py;C:\Bldr\core\agents\conversation_history_compressed.py;C:\Bldr\core\agents\coordinator_agent.py;C:\Bldr\core\agents\roles_agents.py;C:\Bldr\core\agents\roles_agents.py;C:\Bldr\core\agents\specialist_agents.py;C:\Bldr\core\agents\specialist_agents.py;C:\Bldr\core\async_ai_processor.py;C:\Bldr\core\bldr_api.py;C:\Bldr\core\bldr_api.py;C:\Bldr\core\celery_norms.py;C:\Bldr\core\coordinator.py;C:\Bldr\core\internet_template_search.py;C:\Bldr\core\letter_generator.py;C:\Bldr\core\meta_tools\celery_integration.py;C:\Bldr\core\meta_tools\celery_integration.py;C:\Bldr\core\meta_tools\dag_orchestrator.py;C:\Bldr\core\meta_tools\meta_tools_system.py;C:\Bldr\core\metrics_collector.py;C:\Bldr\core\model_manager.py;C:\Bldr\core\norms_processor.py;C:\Bldr\core\norms_scan.py;C:\Bldr\core\norms_updater.py;C:\Bldr\core\ntd_preprocessor.py;C:\Bldr\core\ntd_preprocessor.py;C:\Bldr\core\plugin_manager.py;C:\Bldr\core\process_tracker.py;C:\Bldr\core\projects_api.py;C:\Bldr\core\retry_system.py;C:\Bldr\core\smart_request_processor.py;C:\Bldr\core\super_smart_coordinator.py;C:\Bldr\core\template_manager.py;C:\Bldr\core\tools_adapter.py;C:\Bldr\core\tools_adapter.py;C:\Bldr\core\tools_system.py;C:\Bldr\core\tools_system.py;C:\Bldr\core\tools_system.py;C:\Bldr\core\trainer.py;C:\Bldr\core\unified_estimate_parser.py;C:\Bldr\core\websocket_manager.py;C:\Bldr\enhanced_structure_extractor.py;C:\Bldr\enterprise_rag_trainer_full.py;C:\Bldr\enterprise_rag_trainer_full.py;C:\Bldr\enterprise_rag_trainer_full.py;C:\Bldr\enterprise_rag_trainer_full.py;C:\Bldr\enterprise_rag_trainer_full.py;C:\Bldr\file_organizer.py;C:\Bldr\integrated_structure_chunking_system.py;C:\Bldr\integrated_structure_chunking_system.py;C:\Bldr\integrated_structure_chunking_system.py;C:\Bldr\interactive_rag_training.py;C:\Bldr\monster_rag_trainer_full_power.py;C:\Bldr\rag_training_lock.py;C:\Bldr\recursive_hierarchical_chunker.py;C:\Bldr\scripts\bldr_rag_trainer.py;C:\Bldr\scripts\fast_bldr_rag_trainer.py;C:\Bldr\scripts\optimized_bldr_rag_trainer.py;C:\Bldr\scripts\optimized_bldr_rag_trainer.py;C:\Bldr\system_launcher\component_manager.py;C:\Bldr\system_launcher\diagnostic_tools.py;C:\Bldr\system_launcher\gui_launcher.py;C:\Bldr\web\bldr_dashboard\node_modules\flatted\python\flatted.py;C:\Bldr\web\bldr_dashboard\node_modules\flatted\python\flatted.py;C:\Bldr\working_frontend_rag_integration.py;C:\Bldr\working_frontend_rag_integration.py,,Pending,
get_task_status,3,C:\Bldr\async_ai_improvements.py;C:\Bldr\core\async_ai_processor.py;C:\Bldr\core\meta_tools\celery_integration.py,,Pending,
cleanup_completed_tasks,2,C:\Bldr\async_ai_improvements.py;C:\Bldr\core\meta_tools\celery_integration.py,,Pending,
discover_files,2,C:\Bldr\background_rag_training.py;C:\Bldr\interactive_rag_training.py,,Pending,
process_single_file,3,C:\Bldr\ARCHIVE\enhanced_bldr_rag_trainer_part2.py;C:\Bldr\background_rag_training.py;C:\Bldr\interactive_rag_training.py,,Pending,
start_training,3,C:\Bldr\ARCHIVE\train_downloaded_files.py;C:\Bldr\background_rag_training.py;C:\Bldr\interactive_rag_training.py,,Pending,
_signal_handler,2,C:\Bldr\ARCHIVE\backup_before_cleanup_2025-09-21_21-21-24\enterprise_rag_trainer_safe.py;C:\Bldr\background_rag_training.py,,Pending,
log_message,2,C:\Bldr\bldr_gui.py;C:\Bldr\bldr_gui_manager.py,,Pending,
on_closing,3,C:\Bldr\ARCHIVE\simple_gui_test_v2.py;C:\Bldr\ARCHIVE\simple_tkinter_test.py;C:\Bldr\bldr_gui.py,,Pending,
create_widgets,2,C:\Bldr\bldr_gui.py;C:\Bldr\bldr_gui_manager.py,,Pending,
clear_logs,2,C:\Bldr\bldr_gui.py;C:\Bldr\bldr_system_launcher.py,,Pending,
start_all_services,2,C:\Bldr\bldr_gui.py;C:\Bldr\bldr_gui_manager.py,,Pending,
stop_all_services,2,C:\Bldr\bldr_gui.py;C:\Bldr\bldr_gui_manager.py,,Pending,
setup_ui,2,C:\Bldr\bldr_system_launcher.py;C:\Bldr\system_launcher\gui_launcher.py,,Pending,
start_monitoring,3,C:\Bldr\bldr_system_launcher.py;C:\Bldr\system_launcher\component_manager.py;C:\Bldr\system_launcher\gui_launcher.py,,Pending,
start_component,2,C:\Bldr\bldr_system_launcher.py;C:\Bldr\system_launcher\component_manager.py,,Pending,
stop_component,2,C:\Bldr\bldr_system_launcher.py;C:\Bldr\system_launcher\component_manager.py,,Pending,
start_neo4j,2,C:\Bldr\ARCHIVE\clean_start_training.py;C:\Bldr\bldr_system_launcher.py,,Pending,
start_backend,2,C:\Bldr\ARCHIVE\start_all_services.py;C:\Bldr\bldr_system_launcher.py,,Pending,
start_frontend,2,C:\Bldr\ARCHIVE\start_all_services.py;C:\Bldr\bldr_system_launcher.py,,Pending,
start_all_components,2,C:\Bldr\bldr_system_launcher.py;C:\Bldr\system_launcher\component_manager.py,,Pending,
stop_all_components,2,C:\Bldr\bldr_system_launcher.py;C:\Bldr\system_launcher\component_manager.py,,Pending,
run,2,C:\Bldr\bldr_system_launcher.py;C:\Bldr\system_launcher\gui_launcher.py,,Pending,
restart_neo4j,2,C:\Bldr\emergency_full_reset.py;C:\Bldr\recovery_script.py,,Pending,
_has_technical_terms,2,C:\Bldr\enhanced_structure_extractor.py;C:\Bldr\integrated_structure_chunking_system.py,,Pending,
_determine_list_level,2,C:\Bldr\enhanced_structure_extractor.py;C:\Bldr\integrated_structure_chunking_system.py,,Pending,
_extract_keywords,3,C:\Bldr\ARCHIVE\enhanced_bldr_rag_trainer_part3.py;C:\Bldr\enhanced_structure_extractor.py;C:\Bldr\working_frontend_rag_integration.py,,Pending,
_calculate_technical_density,2,C:\Bldr\enhanced_structure_extractor.py;C:\Bldr\integrated_structure_chunking_system.py,,Pending,
setup_logging,2,C:\Bldr\ARCHIVE\fixed_enhanced_bldr_rag_trainer.py;C:\Bldr\enterprise_rag_trainer_full.py,,Pending,
log_document,2,C:\Bldr\ARCHIVE\backup_before_cleanup_2025-09-21_21-21-24\enhanced_bldr_rag_trainer.py;C:\Bldr\enterprise_rag_trainer_full.py,,Pending,
log_error,2,C:\Bldr\ARCHIVE\backup_before_cleanup_2025-09-21_21-21-24\enhanced_bldr_rag_trainer.py;C:\Bldr\enterprise_rag_trainer_full.py,,Pending,
log_cache_hit,2,C:\Bldr\ARCHIVE\backup_before_cleanup_2025-09-21_21-21-24\enhanced_bldr_rag_trainer.py;C:\Bldr\enterprise_rag_trainer_full.py,,Pending,
log_cache_miss,2,C:\Bldr\ARCHIVE\backup_before_cleanup_2025-09-21_21-21-24\enhanced_bldr_rag_trainer.py;C:\Bldr\enterprise_rag_trainer_full.py,,Pending,
get_metrics,3,C:\Bldr\ARCHIVE\backup_before_cleanup_2025-09-21_21-21-24\enhanced_bldr_rag_trainer.py;C:\Bldr\core\metrics_collector.py;C:\Bldr\enterprise_rag_trainer_full.py,,Pending,
_load_cache_index,2,C:\Bldr\ARCHIVE\backup_before_cleanup_2025-09-21_21-21-24\enhanced_bldr_rag_trainer.py;C:\Bldr\enterprise_rag_trainer_full.py,,Pending,
_save_cache_index,2,C:\Bldr\ARCHIVE\backup_before_cleanup_2025-09-21_21-21-24\enhanced_bldr_rag_trainer.py;C:\Bldr\enterprise_rag_trainer_full.py,,Pending,
_get_cache_key,2,C:\Bldr\ARCHIVE\backup_before_cleanup_2025-09-21_21-21-24\enhanced_bldr_rag_trainer.py;C:\Bldr\enterprise_rag_trainer_full.py,,Pending,
get,2,C:\Bldr\ARCHIVE\backup_before_cleanup_2025-09-21_21-21-24\enhanced_bldr_rag_trainer.py;C:\Bldr\enterprise_rag_trainer_full.py,,Pending,
set,2,C:\Bldr\ARCHIVE\backup_before_cleanup_2025-09-21_21-21-24\enhanced_bldr_rag_trainer.py;C:\Bldr\enterprise_rag_trainer_full.py,,Pending,
_remove_cache_entry,2,C:\Bldr\ARCHIVE\backup_before_cleanup_2025-09-21_21-21-24\enhanced_bldr_rag_trainer.py;C:\Bldr\enterprise_rag_trainer_full.py,,Pending,
_cleanup_if_needed,2,C:\Bldr\ARCHIVE\backup_before_cleanup_2025-09-21_21-21-24\enhanced_bldr_rag_trainer.py;C:\Bldr\enterprise_rag_trainer_full.py,,Pending,
calculate_priority,2,C:\Bldr\ARCHIVE\backup_before_cleanup_2025-09-21_21-21-24\enhanced_bldr_rag_trainer.py;C:\Bldr\enterprise_rag_trainer_full.py,,Pending,
sort_files,2,C:\Bldr\ARCHIVE\backup_before_cleanup_2025-09-21_21-21-24\enhanced_bldr_rag_trainer.py;C:\Bldr\enterprise_rag_trainer_full.py,,Pending,
_quick_doc_type_detection,2,C:\Bldr\ARCHIVE\backup_before_cleanup_2025-09-21_21-21-24\enhanced_bldr_rag_trainer.py;C:\Bldr\enterprise_rag_trainer_full.py,,Pending,
create_hierarchical_chunks,2,C:\Bldr\enterprise_rag_trainer_full.py;C:\Bldr\recursive_hierarchical_chunker.py,,Pending,
_init_sbert_model,2,C:\Bldr\ARCHIVE\fixed_enhanced_bldr_rag_trainer.py;C:\Bldr\enterprise_rag_trainer_full.py,,Pending,
_init_databases,2,C:\Bldr\ARCHIVE\fixed_enhanced_bldr_rag_trainer.py;C:\Bldr\enterprise_rag_trainer_full.py,,Pending,
_load_processed_files,6,C:\Bldr\ARCHIVE\backup_before_cleanup_2025-09-21_21-21-24\enhanced_bldr_rag_trainer.py;C:\Bldr\ARCHIVE\fixed_enhanced_bldr_rag_trainer.py;C:\Bldr\enterprise_rag_trainer_full.py;C:\Bldr\scripts\bldr_rag_trainer.py;C:\Bldr\scripts\fast_bldr_rag_trainer.py;C:\Bldr\scripts\optimized_bldr_rag_trainer.py,,Pending,
train,8,C:\Bldr\ARCHIVE\backup_before_cleanup_2025-09-21_21-21-24\complete_enhanced_bldr_rag_trainer.py;C:\Bldr\ARCHIVE\enhanced_bldr_rag_trainer_part2.py;C:\Bldr\ARCHIVE\fixed_enhanced_bldr_rag_trainer.py;C:\Bldr\ARCHIVE\frontend_compatible_rag_integration.py;C:\Bldr\enterprise_rag_trainer_full.py;C:\Bldr\scripts\bldr_rag_trainer.py;C:\Bldr\scripts\optimized_bldr_rag_trainer.py;C:\Bldr\working_frontend_rag_integration.py,,Pending,
_process_single_file,2,C:\Bldr\ARCHIVE\fixed_enhanced_bldr_rag_trainer.py;C:\Bldr\enterprise_rag_trainer_full.py,,Pending,
_stage_0_smart_file_scanning_and_preprocessing,2,C:\Bldr\ARCHIVE\fixed_enhanced_bldr_rag_trainer.py;C:\Bldr\enterprise_rag_trainer_full.py,,Pending,
_is_valid_file,2,C:\Bldr\ARCHIVE\fixed_enhanced_bldr_rag_trainer.py;C:\Bldr\enterprise_rag_trainer_full.py,,Pending,
_ntd_preprocessing,2,C:\Bldr\ARCHIVE\fixed_enhanced_bldr_rag_trainer.py;C:\Bldr\enterprise_rag_trainer_full.py,,Pending,
_get_file_priority,2,C:\Bldr\ARCHIVE\fixed_enhanced_bldr_rag_trainer.py;C:\Bldr\enterprise_rag_trainer_full.py,,Pending,
_stage1_initial_validation,4,C:\Bldr\ARCHIVE\fixed_enhanced_bldr_rag_trainer.py;C:\Bldr\enterprise_rag_trainer_full.py;C:\Bldr\scripts\bldr_rag_trainer.py;C:\Bldr\scripts\optimized_bldr_rag_trainer.py,,Pending,
_stage2_duplicate_checking,4,C:\Bldr\ARCHIVE\fixed_enhanced_bldr_rag_trainer.py;C:\Bldr\enterprise_rag_trainer_full.py;C:\Bldr\scripts\bldr_rag_trainer.py;C:\Bldr\scripts\optimized_bldr_rag_trainer.py,,Pending,
_calculate_file_hash,2,C:\Bldr\ARCHIVE\fixed_enhanced_bldr_rag_trainer.py;C:\Bldr\enterprise_rag_trainer_full.py,,Pending,
_stage3_text_extraction,4,C:\Bldr\ARCHIVE\fixed_enhanced_bldr_rag_trainer.py;C:\Bldr\enterprise_rag_trainer_full.py;C:\Bldr\scripts\bldr_rag_trainer.py;C:\Bldr\scripts\optimized_bldr_rag_trainer.py,,Pending,
_clean_text,2,C:\Bldr\ARCHIVE\fixed_enhanced_bldr_rag_trainer.py;C:\Bldr\enterprise_rag_trainer_full.py,,Pending,
_stage4_document_type_detection,4,C:\Bldr\ARCHIVE\fixed_enhanced_bldr_rag_trainer.py;C:\Bldr\enterprise_rag_trainer_full.py;C:\Bldr\scripts\bldr_rag_trainer.py;C:\Bldr\scripts\optimized_bldr_rag_trainer.py,,Pending,
_regex_type_detection,2,C:\Bldr\ARCHIVE\fixed_enhanced_bldr_rag_trainer.py;C:\Bldr\enterprise_rag_trainer_full.py,,Pending,
_sbert_type_detection,2,C:\Bldr\ARCHIVE\fixed_enhanced_bldr_rag_trainer.py;C:\Bldr\enterprise_rag_trainer_full.py,,Pending,
_combine_type_detection,2,C:\Bldr\ARCHIVE\fixed_enhanced_bldr_rag_trainer.py;C:\Bldr\enterprise_rag_trainer_full.py,,Pending,
_stage5_structural_analysis,4,C:\Bldr\ARCHIVE\fixed_enhanced_bldr_rag_trainer.py;C:\Bldr\enterprise_rag_trainer_full.py;C:\Bldr\scripts\bldr_rag_trainer.py;C:\Bldr\scripts\optimized_bldr_rag_trainer.py,,Pending,
_enhance_norms_structure,2,C:\Bldr\ARCHIVE\fixed_enhanced_bldr_rag_trainer.py;C:\Bldr\enterprise_rag_trainer_full.py,,Pending,
_enhance_ppr_structure,2,C:\Bldr\ARCHIVE\fixed_enhanced_bldr_rag_trainer.py;C:\Bldr\enterprise_rag_trainer_full.py,,Pending,
_enhance_smeta_structure,2,C:\Bldr\ARCHIVE\fixed_enhanced_bldr_rag_trainer.py;C:\Bldr\enterprise_rag_trainer_full.py,,Pending,
_stage6_regex_to_sbert,2,C:\Bldr\ARCHIVE\fixed_enhanced_bldr_rag_trainer.py;C:\Bldr\enterprise_rag_trainer_full.py,,Pending,
_split_into_sentences,3,C:\Bldr\ARCHIVE\backup_before_cleanup_2025-09-21_21-21-24\enhanced_bldr_rag_trainer.py;C:\Bldr\ARCHIVE\enhanced_rag_improvements.py;C:\Bldr\enterprise_rag_trainer_full.py,,Pending,
_extract_norms_seeds,2,C:\Bldr\ARCHIVE\fixed_enhanced_bldr_rag_trainer.py;C:\Bldr\enterprise_rag_trainer_full.py,,Pending,
_extract_ppr_seeds,2,C:\Bldr\ARCHIVE\fixed_enhanced_bldr_rag_trainer.py;C:\Bldr\enterprise_rag_trainer_full.py,,Pending,
_extract_smeta_seeds,2,C:\Bldr\ARCHIVE\fixed_enhanced_bldr_rag_trainer.py;C:\Bldr\enterprise_rag_trainer_full.py,,Pending,
_extract_generic_seeds,2,C:\Bldr\ARCHIVE\fixed_enhanced_bldr_rag_trainer.py;C:\Bldr\enterprise_rag_trainer_full.py,,Pending,
_filter_seed_works,2,C:\Bldr\ARCHIVE\fixed_enhanced_bldr_rag_trainer.py;C:\Bldr\enterprise_rag_trainer_full.py,,Pending,
_stage7_sbert_markup,2,C:\Bldr\ARCHIVE\fixed_enhanced_bldr_rag_trainer.py;C:\Bldr\enterprise_rag_trainer_full.py,,Pending,
_sbert_markup_fallback,2,C:\Bldr\ARCHIVE\fixed_enhanced_bldr_rag_trainer.py;C:\Bldr\enterprise_rag_trainer_full.py,,Pending,
_analyze_work_dependencies,2,C:\Bldr\ARCHIVE\fixed_enhanced_bldr_rag_trainer.py;C:\Bldr\enterprise_rag_trainer_full.py,,Pending,
_build_work_graph,2,C:\Bldr\ARCHIVE\fixed_enhanced_bldr_rag_trainer.py;C:\Bldr\enterprise_rag_trainer_full.py,,Pending,
_validate_works_with_sbert,2,C:\Bldr\ARCHIVE\fixed_enhanced_bldr_rag_trainer.py;C:\Bldr\enterprise_rag_trainer_full.py,,Pending,
_enhance_structure_with_sbert,2,C:\Bldr\ARCHIVE\fixed_enhanced_bldr_rag_trainer.py;C:\Bldr\enterprise_rag_trainer_full.py,,Pending,
_stage8_metadata_extraction,4,C:\Bldr\ARCHIVE\fixed_enhanced_bldr_rag_trainer.py;C:\Bldr\enterprise_rag_trainer_full.py;C:\Bldr\scripts\bldr_rag_trainer.py;C:\Bldr\scripts\optimized_bldr_rag_trainer.py,,Pending,
_extract_from_sections,2,C:\Bldr\ARCHIVE\fixed_enhanced_bldr_rag_trainer.py;C:\Bldr\enterprise_rag_trainer_full.py,,Pending,
_extract_from_tables,2,C:\Bldr\ARCHIVE\fixed_enhanced_bldr_rag_trainer.py;C:\Bldr\enterprise_rag_trainer_full.py,,Pending,
_extract_norms_metadata,2,C:\Bldr\ARCHIVE\fixed_enhanced_bldr_rag_trainer.py;C:\Bldr\enterprise_rag_trainer_full.py,,Pending,
_extract_smeta_metadata,2,C:\Bldr\ARCHIVE\fixed_enhanced_bldr_rag_trainer.py;C:\Bldr\enterprise_rag_trainer_full.py,,Pending,
_extract_ppr_metadata,2,C:\Bldr\ARCHIVE\fixed_enhanced_bldr_rag_trainer.py;C:\Bldr\enterprise_rag_trainer_full.py,,Pending,
_calculate_metadata_quality,2,C:\Bldr\ARCHIVE\fixed_enhanced_bldr_rag_trainer.py;C:\Bldr\enterprise_rag_trainer_full.py,,Pending,
_stage9_quality_control,4,C:\Bldr\ARCHIVE\fixed_enhanced_bldr_rag_trainer.py;C:\Bldr\enterprise_rag_trainer_full.py;C:\Bldr\scripts\bldr_rag_trainer.py;C:\Bldr\scripts\optimized_bldr_rag_trainer.py,,Pending,
_stage10_type_specific_processing,4,C:\Bldr\ARCHIVE\fixed_enhanced_bldr_rag_trainer.py;C:\Bldr\enterprise_rag_trainer_full.py;C:\Bldr\scripts\bldr_rag_trainer.py;C:\Bldr\scripts\optimized_bldr_rag_trainer.py,,Pending,
_process_norms_specific,2,C:\Bldr\ARCHIVE\fixed_enhanced_bldr_rag_trainer.py;C:\Bldr\enterprise_rag_trainer_full.py,,Pending,
_process_ppr_specific,2,C:\Bldr\ARCHIVE\fixed_enhanced_bldr_rag_trainer.py;C:\Bldr\enterprise_rag_trainer_full.py,,Pending,
_process_smeta_specific,2,C:\Bldr\ARCHIVE\fixed_enhanced_bldr_rag_trainer.py;C:\Bldr\enterprise_rag_trainer_full.py,,Pending,
_process_generic_specific,2,C:\Bldr\ARCHIVE\fixed_enhanced_bldr_rag_trainer.py;C:\Bldr\enterprise_rag_trainer_full.py,,Pending,
_estimate_work_duration,3,C:\Bldr\ARCHIVE\enhanced_bldr_rag_trainer_part3.py;C:\Bldr\ARCHIVE\fixed_enhanced_bldr_rag_trainer.py;C:\Bldr\enterprise_rag_trainer_full.py,,Pending,
_estimate_work_cost,2,C:\Bldr\ARCHIVE\fixed_enhanced_bldr_rag_trainer.py;C:\Bldr\enterprise_rag_trainer_full.py,,Pending,
_stage11_work_sequence_extraction,4,C:\Bldr\ARCHIVE\fixed_enhanced_bldr_rag_trainer.py;C:\Bldr\enterprise_rag_trainer_full.py;C:\Bldr\scripts\bldr_rag_trainer.py;C:\Bldr\scripts\optimized_bldr_rag_trainer.py,,Pending,
_calculate_work_priority,3,C:\Bldr\ARCHIVE\enhanced_bldr_rag_trainer_part3.py;C:\Bldr\ARCHIVE\fixed_enhanced_bldr_rag_trainer.py;C:\Bldr\enterprise_rag_trainer_full.py,,Pending,
_stage12_save_work_sequences,4,C:\Bldr\ARCHIVE\fixed_enhanced_bldr_rag_trainer.py;C:\Bldr\enterprise_rag_trainer_full.py;C:\Bldr\scripts\bldr_rag_trainer.py;C:\Bldr\scripts\optimized_bldr_rag_trainer.py,,Pending,
_save_sequences_to_neo4j,2,C:\Bldr\ARCHIVE\fixed_enhanced_bldr_rag_trainer.py;C:\Bldr\enterprise_rag_trainer_full.py,,Pending,
_stage13_smart_chunking,4,C:\Bldr\ARCHIVE\fixed_enhanced_bldr_rag_trainer.py;C:\Bldr\enterprise_rag_trainer_full.py;C:\Bldr\scripts\bldr_rag_trainer.py;C:\Bldr\scripts\optimized_bldr_rag_trainer.py,,Pending,
_create_fallback_chunks,2,C:\Bldr\ARCHIVE\fixed_enhanced_bldr_rag_trainer.py;C:\Bldr\enterprise_rag_trainer_full.py,,Pending,
_generate_chunk_embeddings,2,C:\Bldr\ARCHIVE\fixed_enhanced_bldr_rag_trainer.py;C:\Bldr\enterprise_rag_trainer_full.py,,Pending,
_stage14_save_to_qdrant,4,C:\Bldr\ARCHIVE\fixed_enhanced_bldr_rag_trainer.py;C:\Bldr\enterprise_rag_trainer_full.py;C:\Bldr\scripts\bldr_rag_trainer.py;C:\Bldr\scripts\optimized_bldr_rag_trainer.py,,Pending,
_save_chunks_to_json,2,C:\Bldr\ARCHIVE\fixed_enhanced_bldr_rag_trainer.py;C:\Bldr\enterprise_rag_trainer_full.py,,Pending,
_update_processed_files,2,C:\Bldr\ARCHIVE\fixed_enhanced_bldr_rag_trainer.py;C:\Bldr\enterprise_rag_trainer_full.py,,Pending,
_generate_final_report,3,C:\Bldr\ARCHIVE\enhanced_bldr_rag_trainer_part3.py;C:\Bldr\ARCHIVE\fixed_enhanced_bldr_rag_trainer.py;C:\Bldr\enterprise_rag_trainer_full.py,,Pending,
query,13,C:\Bldr\ARCHIVE\final_unification_report.py;C:\Bldr\ARCHIVE\find_duplicate_tools.py;C:\Bldr\ARCHIVE\tests\coordinator_test.py;C:\Bldr\ARCHIVE\tests\integration_test.py;C:\Bldr\ARCHIVE\tests\tools_real_test.py;C:\Bldr\ARCHIVE\tests\tools_test.py;C:\Bldr\ARCHIVE\tools_discovery_report.py;C:\Bldr\ARCHIVE\ui_placement_analysis.py;C:\Bldr\ARCHIVE\ui_placement_final_report.py;C:\Bldr\core\model_manager.py;C:\Bldr\enterprise_rag_trainer_full.py;C:\Bldr\scripts\bldr_rag_trainer.py;C:\Bldr\scripts\optimized_bldr_rag_trainer.py,,Pending,
_update_stats,2,C:\Bldr\ARCHIVE\backup_before_cleanup_2025-09-21_21-21-24\master_tools_system.py;C:\Bldr\file_organizer.py,,Pending,
to_dict,6,C:\Bldr\ARCHIVE\backup_before_cleanup_2025-09-21_21-21-24\master_tools_system.py;C:\Bldr\ARCHIVE\backup_before_cleanup_2025-09-21_21-21-24\unified_tools_system.py;C:\Bldr\core\meta_tools\dag_orchestrator.py;C:\Bldr\core\meta_tools\dag_orchestrator.py;C:\Bldr\core\tools_system.py;C:\Bldr\integrated_structure_chunking_system.py,,Pending,
_count_technical_terms,2,C:\Bldr\integrated_structure_chunking_system.py;C:\Bldr\recursive_hierarchical_chunker.py,,Pending,
_format_table_content,2,C:\Bldr\integrated_structure_chunking_system.py;C:\Bldr\recursive_hierarchical_chunker.py,,Pending,
_format_list_content,2,C:\Bldr\integrated_structure_chunking_system.py;C:\Bldr\recursive_hierarchical_chunker.py,,Pending,
_calculate_chunk_quality,2,C:\Bldr\ARCHIVE\backup_before_cleanup_2025-09-21_21-21-24\enhanced_bldr_rag_trainer.py;C:\Bldr\integrated_structure_chunking_system.py,,Pending,
process_document,3,C:\Bldr\integrated_structure_chunking_system.py;C:\Bldr\scripts\bldr_rag_trainer.py;C:\Bldr\scripts\optimized_bldr_rag_trainer.py,,Pending,
load_users_db,4,C:\Bldr\ARCHIVE\backup_before_cleanup_2025-09-21_21-21-24\bldr_api.py;C:\Bldr\backend\main.py;C:\Bldr\core\bldr_api.py;C:\Bldr\main.py,,Pending,
_verify_password,4,C:\Bldr\ARCHIVE\backup_before_cleanup_2025-09-21_21-21-24\bldr_api.py;C:\Bldr\backend\main.py;C:\Bldr\core\bldr_api.py;C:\Bldr\main.py,,Pending,
authenticate_user,4,C:\Bldr\ARCHIVE\backup_before_cleanup_2025-09-21_21-21-24\bldr_api.py;C:\Bldr\backend\main.py;C:\Bldr\core\bldr_api.py;C:\Bldr\main.py,,Pending,
create_access_token,5,C:\Bldr\ARCHIVE\backup_before_cleanup_2025-09-21_21-21-24\bldr_api.py;C:\Bldr\ARCHIVE\debug_auth.py;C:\Bldr\backend\main.py;C:\Bldr\core\bldr_api.py;C:\Bldr\main.py,,Pending,
verify_api_token,4,C:\Bldr\ARCHIVE\backup_before_cleanup_2025-09-21_21-21-24\bldr_api.py;C:\Bldr\backend\main.py;C:\Bldr\core\bldr_api.py;C:\Bldr\main.py,,Pending,
run_server,2,C:\Bldr\backend\main.py;C:\Bldr\main.py,,Pending,
run_training,4,C:\Bldr\backend\main.py;C:\Bldr\backend\main.py;C:\Bldr\main.py;C:\Bldr\main.py,,Pending,
get_auth_headers,6,C:\Bldr\ARCHIVE\test_telegram_bot.py;C:\Bldr\ARCHIVE\train_downloaded_files.py;C:\Bldr\integrations\telegram_bot.py;C:\Bldr\integrations\telegram_bot_fixed.py;C:\Bldr\integrations\telegram_bot_improved.py;C:\Bldr\monitor_training.py,,Pending,
_get_file_hash,2,C:\Bldr\ARCHIVE\enhanced_bldr_rag_trainer_part2.py;C:\Bldr\monster_rag_trainer_full_power.py,,Pending,
acquire_lock,2,C:\Bldr\ARCHIVE\backup_before_cleanup_2025-09-21_21-21-24\enterprise_rag_trainer_safe.py;C:\Bldr\rag_training_lock.py,,Pending,
release_lock,2,C:\Bldr\ARCHIVE\backup_before_cleanup_2025-09-21_21-21-24\enterprise_rag_trainer_safe.py;C:\Bldr\rag_training_lock.py,,Pending,
__enter__,2,C:\Bldr\ARCHIVE\backup_before_cleanup_2025-09-21_21-21-24\enterprise_rag_trainer_safe.py;C:\Bldr\rag_training_lock.py,,Pending,
__exit__,2,C:\Bldr\ARCHIVE\backup_before_cleanup_2025-09-21_21-21-24\enterprise_rag_trainer_safe.py;C:\Bldr\rag_training_lock.py,,Pending,
extract_works_candidates,2,C:\Bldr\ARCHIVE\backup_before_cleanup_2025-09-21_21-21-24\enhanced_bldr_rag_trainer.py;C:\Bldr\regex_patterns.py,,Pending,
extract_materials_from_rubern_tables,2,C:\Bldr\ARCHIVE\backup_before_cleanup_2025-09-21_21-21-24\enhanced_bldr_rag_trainer.py;C:\Bldr\regex_patterns.py,,Pending,
extract_finances_from_rubern_paragraphs,2,C:\Bldr\ARCHIVE\backup_before_cleanup_2025-09-21_21-21-24\enhanced_bldr_rag_trainer.py;C:\Bldr\regex_patterns.py,,Pending,
light_rubern_scan,2,C:\Bldr\ARCHIVE\backup_before_cleanup_2025-09-21_21-21-24\enhanced_bldr_rag_trainer.py;C:\Bldr\regex_patterns.py,,Pending,
detect_document_type_with_symbiosis,2,C:\Bldr\ARCHIVE\backup_before_cleanup_2025-09-21_21-21-24\enhanced_bldr_rag_trainer.py;C:\Bldr\regex_patterns.py,,Pending,
process_document_api_compatible,2,C:\Bldr\ARCHIVE\frontend_compatible_rag_integration.py;C:\Bldr\working_frontend_rag_integration.py,,Pending,
get_document_structure_api,2,C:\Bldr\ARCHIVE\frontend_compatible_rag_integration.py;C:\Bldr\working_frontend_rag_integration.py,,Pending,
get_document_chunks_api,2,C:\Bldr\ARCHIVE\frontend_compatible_rag_integration.py;C:\Bldr\working_frontend_rag_integration.py,,Pending,
process_document_for_frontend,2,C:\Bldr\ARCHIVE\frontend_compatible_rag_integration.py;C:\Bldr\working_frontend_rag_integration.py,,Pending,
_process_with_intelligent_system,2,C:\Bldr\ARCHIVE\frontend_compatible_rag_integration.py;C:\Bldr\working_frontend_rag_integration.py,,Pending,
_split_large_section,2,C:\Bldr\ARCHIVE\backup_before_cleanup_2025-09-21_21-21-24\enhanced_bldr_rag_trainer.py;C:\Bldr\working_frontend_rag_integration.py,,Pending,
_adapt_for_frontend_api,2,C:\Bldr\ARCHIVE\frontend_compatible_rag_integration.py;C:\Bldr\working_frontend_rag_integration.py,,Pending,
_format_sections_for_navigation,2,C:\Bldr\ARCHIVE\frontend_compatible_rag_integration.py;C:\Bldr\working_frontend_rag_integration.py,,Pending,
_format_chunks_for_rag,2,C:\Bldr\ARCHIVE\frontend_compatible_rag_integration.py;C:\Bldr\working_frontend_rag_integration.py,,Pending,
_format_tables_for_frontend,2,C:\Bldr\ARCHIVE\frontend_compatible_rag_integration.py;C:\Bldr\working_frontend_rag_integration.py,,Pending,
_extract_chunk_keywords,2,C:\Bldr\ARCHIVE\frontend_compatible_rag_integration.py;C:\Bldr\working_frontend_rag_integration.py,,Pending,
_calculate_chunk_importance,2,C:\Bldr\ARCHIVE\frontend_compatible_rag_integration.py;C:\Bldr\working_frontend_rag_integration.py,,Pending,
_generate_document_id,2,C:\Bldr\ARCHIVE\frontend_compatible_rag_integration.py;C:\Bldr\working_frontend_rag_integration.py,,Pending,
_create_error_response,3,C:\Bldr\ARCHIVE\frontend_compatible_rag_integration.py;C:\Bldr\core\super_smart_coordinator.py;C:\Bldr\working_frontend_rag_integration.py,,Pending,
process_single_document,2,C:\Bldr\ARCHIVE\frontend_compatible_rag_integration.py;C:\Bldr\working_frontend_rag_integration.py,,Pending,
get_chunks_for_rag,2,C:\Bldr\ARCHIVE\frontend_compatible_rag_integration.py;C:\Bldr\working_frontend_rag_integration.py,,Pending,
_simplified_training,2,C:\Bldr\ARCHIVE\frontend_compatible_rag_integration.py;C:\Bldr\working_frontend_rag_integration.py,,Pending,
check_neo4j_connection,3,C:\Bldr\ARCHIVE\backup_before_cleanup_2025-09-21_21-21-24\enterprise_rag_trainer_safe.py;C:\Bldr\ARCHIVE\check_neo4j_status.py;C:\Bldr\ARCHIVE\setup_neo4j.py,,Pending,
check_api_status,2,C:\Bldr\ARCHIVE\check_status.py;C:\Bldr\ARCHIVE\check_training_status.py,,Pending,
progress_callback,3,C:\Bldr\ARCHIVE\continue_training.py;C:\Bldr\ARCHIVE\full_rag_training.py;C:\Bldr\ARCHIVE\quick_test_fixed.py,,Pending,
log_result,2,C:\Bldr\ARCHIVE\e2e_test_extended_timeouts.py;C:\Bldr\ARCHIVE\final_e2e_test.py,,Pending,
_extract_from_pdf,2,C:\Bldr\ARCHIVE\enhanced_bldr_rag_trainer_part2.py;C:\Bldr\ARCHIVE\fixed_enhanced_bldr_rag_trainer.py,,Pending,
_extract_from_docx,2,C:\Bldr\ARCHIVE\enhanced_bldr_rag_trainer_part2.py;C:\Bldr\ARCHIVE\fixed_enhanced_bldr_rag_trainer.py,,Pending,
_extract_from_txt,2,C:\Bldr\ARCHIVE\enhanced_bldr_rag_trainer_part2.py;C:\Bldr\ARCHIVE\fixed_enhanced_bldr_rag_trainer.py,,Pending,
extract_works_with_sbert,2,C:\Bldr\ARCHIVE\backup_before_cleanup_2025-09-21_21-21-24\enhanced_bldr_rag_trainer.py;C:\Bldr\ARCHIVE\enhanced_rag_improvements.py,,Pending,
_contains_work_indicators,2,C:\Bldr\ARCHIVE\backup_before_cleanup_2025-09-21_21-21-24\enhanced_bldr_rag_trainer.py;C:\Bldr\ARCHIVE\enhanced_rag_improvements.py,,Pending,
_clean_work_description,2,C:\Bldr\ARCHIVE\backup_before_cleanup_2025-09-21_21-21-24\enhanced_bldr_rag_trainer.py;C:\Bldr\ARCHIVE\enhanced_rag_improvements.py,,Pending,
categorize_document,2,C:\Bldr\ARCHIVE\backup_before_cleanup_2025-09-21_21-21-24\enhanced_bldr_rag_trainer.py;C:\Bldr\ARCHIVE\enhanced_rag_improvements.py,,Pending,
smart_chunk,2,C:\Bldr\ARCHIVE\backup_before_cleanup_2025-09-21_21-21-24\enhanced_bldr_rag_trainer.py;C:\Bldr\ARCHIVE\enhanced_rag_improvements.py,,Pending,
_structure_based_chunking,2,C:\Bldr\ARCHIVE\backup_before_cleanup_2025-09-21_21-21-24\enhanced_bldr_rag_trainer.py;C:\Bldr\ARCHIVE\enhanced_rag_improvements.py,,Pending,
_semantic_chunking,2,C:\Bldr\ARCHIVE\backup_before_cleanup_2025-09-21_21-21-24\enhanced_bldr_rag_trainer.py;C:\Bldr\ARCHIVE\enhanced_rag_improvements.py,,Pending,
_validate_and_enhance_chunks,2,C:\Bldr\ARCHIVE\backup_before_cleanup_2025-09-21_21-21-24\enhanced_bldr_rag_trainer.py;C:\Bldr\ARCHIVE\enhanced_rag_improvements.py,,Pending,
test_celery_basics,2,C:\Bldr\ARCHIVE\focused_celery_test.py;C:\Bldr\ARCHIVE\simple_celery_test.py,,Pending,
quick_test,2,C:\Bldr\ARCHIVE\quick_test_fixed.py;C:\Bldr\ARCHIVE\restart_and_test.py,,Pending,
start_server,3,C:\Bldr\ARCHIVE\restart_and_test.py;C:\Bldr\ARCHIVE\start_api_server.py;C:\Bldr\ARCHIVE\start_server_and_test.py,,Pending,
update_env_file,2,C:\Bldr\ARCHIVE\setup_neo4j.py;C:\Bldr\ARCHIVE\setup_neo4j_manual.py,,Pending,
get_auth_token,2,C:\Bldr\ARCHIVE\simple_ai_test.py;C:\Bldr\ARCHIVE\test_api.py,,Pending,
create_test_token,2,C:\Bldr\ARCHIVE\start_fast_training.py;C:\Bldr\ARCHIVE\start_full_rag_training.py,,Pending,
test_voice_processing,2,C:\Bldr\ARCHIVE\test_multimedia.py;C:\Bldr\ARCHIVE\test_telegram_bot.py,,Pending,
test_image_processing,2,C:\Bldr\ARCHIVE\test_multimedia.py;C:\Bldr\ARCHIVE\test_telegram_bot.py,,Pending,
_hash_password,2,C:\Bldr\ARCHIVE\backup_before_cleanup_2025-09-21_21-21-24\bldr_api.py;C:\Bldr\core\bldr_api.py,,Pending,
_ensure_users_db_dir,2,C:\Bldr\ARCHIVE\backup_before_cleanup_2025-09-21_21-21-24\bldr_api.py;C:\Bldr\core\bldr_api.py,,Pending,
save_users_db,2,C:\Bldr\ARCHIVE\backup_before_cleanup_2025-09-21_21-21-24\bldr_api.py;C:\Bldr\core\bldr_api.py,,Pending,
require_role,2,C:\Bldr\ARCHIVE\backup_before_cleanup_2025-09-21_21-21-24\bldr_api.py;C:\Bldr\core\bldr_api.py,,Pending,
_dep,2,C:\Bldr\ARCHIVE\backup_before_cleanup_2025-09-21_21-21-24\bldr_api.py;C:\Bldr\core\bldr_api.py,,Pending,
update_callback,2,C:\Bldr\ARCHIVE\backup_before_cleanup_2025-09-21_21-21-24\bldr_api.py;C:\Bldr\ARCHIVE\backup_before_cleanup_2025-09-21_21-21-24\bldr_api.py,,Pending,
get_neo4j_driver_with_retry,2,C:\Bldr\ARCHIVE\backup_before_cleanup_2025-09-21_21-21-24\enhanced_bldr_rag_trainer.py;C:\Bldr\scripts\bldr_rag_trainer.py,,Pending,
get_qdrant_client_with_retry,2,C:\Bldr\ARCHIVE\backup_before_cleanup_2025-09-21_21-21-24\enhanced_bldr_rag_trainer.py;C:\Bldr\scripts\bldr_rag_trainer.py,,Pending,
_init_qdrant,3,C:\Bldr\ARCHIVE\backup_before_cleanup_2025-09-21_21-21-24\enhanced_bldr_rag_trainer.py;C:\Bldr\scripts\bldr_rag_trainer.py;C:\Bldr\scripts\optimized_bldr_rag_trainer.py,,Pending,
_init_faiss,3,C:\Bldr\ARCHIVE\backup_before_cleanup_2025-09-21_21-21-24\enhanced_bldr_rag_trainer.py;C:\Bldr\scripts\bldr_rag_trainer.py;C:\Bldr\scripts\optimized_bldr_rag_trainer.py,,Pending,
_save_processed_files,4,C:\Bldr\ARCHIVE\backup_before_cleanup_2025-09-21_21-21-24\enhanced_bldr_rag_trainer.py;C:\Bldr\scripts\bldr_rag_trainer.py;C:\Bldr\scripts\fast_bldr_rag_trainer.py;C:\Bldr\scripts\optimized_bldr_rag_trainer.py,,Pending,
ntd_preprocess,2,C:\Bldr\ARCHIVE\backup_before_cleanup_2025-09-21_21-21-24\enhanced_bldr_rag_trainer.py;C:\Bldr\core\ntd_preprocessor.py,,Pending,
get_master_tools_system,2,C:\Bldr\ARCHIVE\backup_before_cleanup_2025-09-21_21-21-24\master_tools_system.py;C:\Bldr\core\tools_adapter.py,,Pending,
execute_tool,13,C:\Bldr\ARCHIVE\backup_before_cleanup_2025-09-21_21-21-24\master_tools_system.py;C:\Bldr\ARCHIVE\backup_before_cleanup_2025-09-21_21-21-24\master_tools_system.py;C:\Bldr\ARCHIVE\backup_before_cleanup_2025-09-21_21-21-24\unified_tools_system.py;C:\Bldr\ARCHIVE\backup_before_cleanup_2025-09-21_21-21-24\unified_tools_system.py;C:\Bldr\ARCHIVE\tests\pro_tools_real_test.py;C:\Bldr\core\meta_tools\celery_integration.py;C:\Bldr\core\meta_tools\celery_integration.py;C:\Bldr\core\meta_tools\celery_integration.py;C:\Bldr\core\meta_tools\celery_integration.py;C:\Bldr\core\meta_tools\meta_tools_system.py;C:\Bldr\core\tools_adapter.py;C:\Bldr\core\tools_system.py;C:\Bldr\scripts\optimized_bldr_rag_trainer.py,,Pending,
list_available_tools,3,C:\Bldr\ARCHIVE\backup_before_cleanup_2025-09-21_21-21-24\master_tools_system.py;C:\Bldr\ARCHIVE\backup_before_cleanup_2025-09-21_21-21-24\unified_tools_system.py;C:\Bldr\core\tools_adapter.py,,Pending,
get_tool_info,4,C:\Bldr\ARCHIVE\backup_before_cleanup_2025-09-21_21-21-24\master_tools_system.py;C:\Bldr\ARCHIVE\backup_before_cleanup_2025-09-21_21-21-24\master_tools_system.py;C:\Bldr\ARCHIVE\backup_before_cleanup_2025-09-21_21-21-24\unified_tools_system.py;C:\Bldr\core\tools_adapter.py,,Pending,
is_success,4,C:\Bldr\ARCHIVE\backup_before_cleanup_2025-09-21_21-21-24\master_tools_system.py;C:\Bldr\ARCHIVE\backup_before_cleanup_2025-09-21_21-21-24\unified_tools_system.py;C:\Bldr\core\tools_adapter.py;C:\Bldr\core\tools_system.py,,Pending,
add_warning,3,C:\Bldr\ARCHIVE\backup_before_cleanup_2025-09-21_21-21-24\master_tools_system.py;C:\Bldr\ARCHIVE\backup_before_cleanup_2025-09-21_21-21-24\unified_tools_system.py;C:\Bldr\core\tools_system.py,,Pending,
set_metadata,3,C:\Bldr\ARCHIVE\backup_before_cleanup_2025-09-21_21-21-24\master_tools_system.py;C:\Bldr\ARCHIVE\backup_before_cleanup_2025-09-21_21-21-24\unified_tools_system.py;C:\Bldr\core\tools_system.py,,Pending,
_register_all_tools,3,C:\Bldr\ARCHIVE\backup_before_cleanup_2025-09-21_21-21-24\master_tools_system.py;C:\Bldr\ARCHIVE\backup_before_cleanup_2025-09-21_21-21-24\unified_tools_system.py;C:\Bldr\core\tools_system.py,,Pending,
register,2,C:\Bldr\ARCHIVE\backup_before_cleanup_2025-09-21_21-21-24\master_tools_system.py;C:\Bldr\core\tools_system.py,,Pending,
get_tool,2,C:\Bldr\ARCHIVE\backup_before_cleanup_2025-09-21_21-21-24\master_tools_system.py;C:\Bldr\core\tools_system.py,,Pending,
list_tools,2,C:\Bldr\ARCHIVE\backup_before_cleanup_2025-09-21_21-21-24\master_tools_system.py;C:\Bldr\ARCHIVE\backup_before_cleanup_2025-09-21_21-21-24\unified_tools_system.py,,Pending,
get_categories,2,C:\Bldr\ARCHIVE\backup_before_cleanup_2025-09-21_21-21-24\master_tools_system.py;C:\Bldr\ARCHIVE\backup_before_cleanup_2025-09-21_21-21-24\unified_tools_system.py,,Pending,
_search_rag_database,4,C:\Bldr\ARCHIVE\backup_before_cleanup_2025-09-21_21-21-24\master_tools_system.py;C:\Bldr\core\agents\roles_agents.py;C:\Bldr\core\tools_system.py;C:\Bldr\scripts\optimized_bldr_rag_trainer.py,,Pending,
_analyze_image,2,C:\Bldr\ARCHIVE\backup_before_cleanup_2025-09-21_21-21-24\master_tools_system.py;C:\Bldr\core\tools_system.py,,Pending,
_check_normative,2,C:\Bldr\ARCHIVE\backup_before_cleanup_2025-09-21_21-21-24\master_tools_system.py;C:\Bldr\core\tools_system.py,,Pending,
_calculate_financial_metrics,2,C:\Bldr\ARCHIVE\backup_before_cleanup_2025-09-21_21-21-24\master_tools_system.py;C:\Bldr\core\tools_system.py,,Pending,
_create_gantt_chart,2,C:\Bldr\ARCHIVE\backup_before_cleanup_2025-09-21_21-21-24\master_tools_system.py;C:\Bldr\core\tools_system.py,,Pending,
_calculate_critical_path,2,C:\Bldr\ARCHIVE\backup_before_cleanup_2025-09-21_21-21-24\master_tools_system.py;C:\Bldr\core\tools_system.py,,Pending,
_create_pie_chart,2,C:\Bldr\ARCHIVE\backup_before_cleanup_2025-09-21_21-21-24\master_tools_system.py;C:\Bldr\core\tools_system.py,,Pending,
_create_bar_chart,2,C:\Bldr\ARCHIVE\backup_before_cleanup_2025-09-21_21-21-24\master_tools_system.py;C:\Bldr\core\tools_system.py,,Pending,
_create_document,2,C:\Bldr\ARCHIVE\backup_before_cleanup_2025-09-21_21-21-24\master_tools_system.py;C:\Bldr\core\tools_system.py,,Pending,
_extract_works_nlp,2,C:\Bldr\ARCHIVE\backup_before_cleanup_2025-09-21_21-21-24\master_tools_system.py;C:\Bldr\core\tools_system.py,,Pending,
_extract_text_from_pdf,2,C:\Bldr\ARCHIVE\backup_before_cleanup_2025-09-21_21-21-24\master_tools_system.py;C:\Bldr\core\tools_system.py,,Pending,
_analyze_bentley_model,2,C:\Bldr\ARCHIVE\backup_before_cleanup_2025-09-21_21-21-24\master_tools_system.py;C:\Bldr\core\tools_system.py,,Pending,
_monte_carlo_sim,2,C:\Bldr\ARCHIVE\backup_before_cleanup_2025-09-21_21-21-24\master_tools_system.py;C:\Bldr\core\tools_system.py,,Pending,
_autocad_export,2,C:\Bldr\ARCHIVE\backup_before_cleanup_2025-09-21_21-21-24\master_tools_system.py;C:\Bldr\core\tools_system.py,,Pending,
_analyze_tender,2,C:\Bldr\ARCHIVE\backup_before_cleanup_2025-09-21_21-21-24\master_tools_system.py;C:\Bldr\core\tools_system.py,,Pending,
_comprehensive_analysis,2,C:\Bldr\ARCHIVE\backup_before_cleanup_2025-09-21_21-21-24\master_tools_system.py;C:\Bldr\core\tools_system.py,,Pending,
_parse_gesn_estimate,2,C:\Bldr\ARCHIVE\backup_before_cleanup_2025-09-21_21-21-24\master_tools_system.py;C:\Bldr\core\tools_system.py,,Pending,
_create_gpp,2,C:\Bldr\ARCHIVE\backup_before_cleanup_2025-09-21_21-21-24\master_tools_system.py;C:\Bldr\core\tools_system.py,,Pending,
_extract_financial_data,2,C:\Bldr\ARCHIVE\backup_before_cleanup_2025-09-21_21-21-24\master_tools_system.py;C:\Bldr\core\tools_system.py,,Pending,
get_execution_stats,3,C:\Bldr\ARCHIVE\backup_before_cleanup_2025-09-21_21-21-24\master_tools_system.py;C:\Bldr\ARCHIVE\backup_before_cleanup_2025-09-21_21-21-24\unified_tools_system.py;C:\Bldr\core\tools_adapter.py,,Pending,
execute_tool_chain,2,C:\Bldr\ARCHIVE\backup_before_cleanup_2025-09-21_21-21-24\master_tools_system.py;C:\Bldr\ARCHIVE\backup_before_cleanup_2025-09-21_21-21-24\unified_tools_system.py,,Pending,
wrapper,3,C:\Bldr\ARCHIVE\backup_before_cleanup_2025-09-21_21-21-24\master_tools_system.py;C:\Bldr\ARCHIVE\backup_before_cleanup_2025-09-21_21-21-24\master_tools_system.py;C:\Bldr\ARCHIVE\backup_before_cleanup_2025-09-21_21-21-24\master_tools_system.py,,Pending,
detect_file_type,2,C:\Bldr\ARCHIVE\backup_before_cleanup_2025-09-21_21-21-24\projects_api.py;C:\Bldr\core\projects_api.py,,Pending,
create_project,2,C:\Bldr\ARCHIVE\backup_before_cleanup_2025-09-21_21-21-24\projects_api.py;C:\Bldr\core\projects_api.py,,Pending,
get_projects,2,C:\Bldr\ARCHIVE\backup_before_cleanup_2025-09-21_21-21-24\projects_api.py;C:\Bldr\core\projects_api.py,,Pending,
get_project,2,C:\Bldr\ARCHIVE\backup_before_cleanup_2025-09-21_21-21-24\projects_api.py;C:\Bldr\core\projects_api.py,,Pending,
update_project,2,C:\Bldr\ARCHIVE\backup_before_cleanup_2025-09-21_21-21-24\projects_api.py;C:\Bldr\core\projects_api.py,,Pending,
delete_project,2,C:\Bldr\ARCHIVE\backup_before_cleanup_2025-09-21_21-21-24\projects_api.py;C:\Bldr\core\projects_api.py,,Pending,
add_files_to_project,2,C:\Bldr\ARCHIVE\backup_before_cleanup_2025-09-21_21-21-24\projects_api.py;C:\Bldr\core\projects_api.py,,Pending,
get_project_files,2,C:\Bldr\ARCHIVE\backup_before_cleanup_2025-09-21_21-21-24\projects_api.py;C:\Bldr\core\projects_api.py,,Pending,
scan_project_files,2,C:\Bldr\ARCHIVE\backup_before_cleanup_2025-09-21_21-21-24\projects_api.py;C:\Bldr\core\projects_api.py,,Pending,
scan_directory_for_project,2,C:\Bldr\ARCHIVE\backup_before_cleanup_2025-09-21_21-21-24\projects_api.py;C:\Bldr\core\projects_api.py,,Pending,
delete_project_file,2,C:\Bldr\ARCHIVE\backup_before_cleanup_2025-09-21_21-21-24\projects_api.py;C:\Bldr\core\projects_api.py,,Pending,
save_project_result,2,C:\Bldr\ARCHIVE\backup_before_cleanup_2025-09-21_21-21-24\projects_api.py;C:\Bldr\core\projects_api.py,,Pending,
get_project_results,2,C:\Bldr\ARCHIVE\backup_before_cleanup_2025-09-21_21-21-24\projects_api.py;C:\Bldr\core\projects_api.py,,Pending,
get_redis,2,C:\Bldr\ARCHIVE\backup_before_cleanup_2025-09-21_21-21-24\tools_api.py;C:\Bldr\backend\api\tools_api.py,,Pending,
_job_key,2,C:\Bldr\ARCHIVE\backup_before_cleanup_2025-09-21_21-21-24\tools_api.py;C:\Bldr\backend\api\tools_api.py,,Pending,
create_job,2,C:\Bldr\ARCHIVE\backup_before_cleanup_2025-09-21_21-21-24\tools_api.py;C:\Bldr\backend\api\tools_api.py,,Pending,
update_job,2,C:\Bldr\ARCHIVE\backup_before_cleanup_2025-09-21_21-21-24\tools_api.py;C:\Bldr\backend\api\tools_api.py,,Pending,
convert_params_to_master_format,2,C:\Bldr\ARCHIVE\backup_before_cleanup_2025-09-21_21-21-24\tools_api.py;C:\Bldr\backend\api\tools_api.py,,Pending,
process_query,3,C:\Bldr\ARCHIVE\backup_before_cleanup_2025-09-21_21-21-24\tools_api.py;C:\Bldr\backend\api\tools_api.py;C:\Bldr\core\agents\coordinator_agent.py,,Pending,
test_coordinator_tool_execution,2,C:\Bldr\ARCHIVE\tests\coordinator_test.py;C:\Bldr\ARCHIVE\tests\integration_test.py,,Pending,
execute_tool_call,2,C:\Bldr\ARCHIVE\tests\coordinator_test.py;C:\Bldr\core\tools_system.py,,Pending,
get_model_client,5,C:\Bldr\ARCHIVE\tests\coordinator_test.py;C:\Bldr\ARCHIVE\tests\integration_test.py;C:\Bldr\ARCHIVE\tests\tools_real_test.py;C:\Bldr\ARCHIVE\tests\tools_test.py;C:\Bldr\core\model_manager.py,,Pending,
test_tools_system_integration,2,C:\Bldr\ARCHIVE\tests\full_empire_test.py;C:\Bldr\ARCHIVE\tests\pro_tools_real_test.py,,Pending,
setUp,3,C:\Bldr\ARCHIVE\tests\full_project_integration_test.py;C:\Bldr\ARCHIVE\tests\test_letter_generation.py;C:\Bldr\ARCHIVE\tests\test_norms_cleaning.py,,Pending,
test_model_manager_initialization,2,C:\Bldr\ARCHIVE\tests\model_manager_test.py;C:\Bldr\ARCHIVE\tests\test_bldr_empire.py,,Pending,
test_project_functionality,2,C:\Bldr\ARCHIVE\tests\project_integration_test.py;C:\Bldr\ARCHIVE\tests\simple_project_test.py,,Pending,
test_norms_updater_sources,2,C:\Bldr\ARCHIVE\tests\simple_test.py;C:\Bldr\ARCHIVE\tests\test_russian_ntd_full_spectrum.py,,Pending,
test_tools_system_initialization,2,C:\Bldr\ARCHIVE\tests\test_bldr_empire.py;C:\Bldr\ARCHIVE\tests\tools_test.py,,Pending,
api_client,2,C:\Bldr\ARCHIVE\tests\test_e2e.py;C:\Bldr\ARCHIVE\tests\test_e2e_comprehensive.py,,Pending,
test_model_loading,2,C:\Bldr\ARCHIVE\tests\test_model_manager.py;C:\Bldr\ARCHIVE\tests\test_ndcg_evaluation.py,,Pending,
disconnect,3,C:\Bldr\backend\core\websocket_manager.py;C:\Bldr\core\bldr_api.py;C:\Bldr\core\websocket_manager.py,,Pending,
__post_init__,4,C:\Bldr\core\async_ai_processor.py;C:\Bldr\core\meta_tools\dag_orchestrator.py;C:\Bldr\core\meta_tools\dag_orchestrator.py;C:\Bldr\core\process_tracker.py,,Pending,
list_active_tasks,2,C:\Bldr\core\async_ai_processor.py;C:\Bldr\core\meta_tools\celery_integration.py,,Pending,
start_cleanup_task,2,C:\Bldr\core\bldr_api.py;C:\Bldr\core\process_tracker.py,,Pending,
register_retry_config,2,C:\Bldr\core\bldr_api.py;C:\Bldr\core\retry_system.py,,Pending,
auto_budget,2,C:\Bldr\core\budget_auto.py;C:\Bldr\core\tools_adapter.py,,Pending,
_extract_doc_id,2,C:\Bldr\core\celery_norms.py;C:\Bldr\core\norms_processor.py,,Pending,
_extract_version,2,C:\Bldr\core\celery_norms.py;C:\Bldr\core\norms_scan.py,,Pending,
_log_to_neo4j,2,C:\Bldr\core\celery_norms.py;C:\Bldr\core\norms_processor.py,,Pending,
get_capabilities_prompt,2,C:\Bldr\core\config.py;C:\Bldr\core\model_manager.py,,Pending,
get_role_responsibilities,2,C:\Bldr\core\config.py;C:\Bldr\core\model_manager.py,,Pending,
get_role_exclusions,2,C:\Bldr\core\config.py;C:\Bldr\core\model_manager.py,,Pending,
process_request,3,C:\Bldr\core\coordinator.py;C:\Bldr\core\smart_request_processor.py;C:\Bldr\core\super_smart_coordinator.py,,Pending,
calculate_critical_path,2,C:\Bldr\core\gpp_creator.py;C:\Bldr\core\ppr_generator.py,,Pending,
generate_letter,2,C:\Bldr\core\letter_service.py;C:\Bldr\core\tools_adapter.py,,Pending,
improve_letter,2,C:\Bldr\core\letter_service.py;C:\Bldr\core\tools_adapter.py,,Pending,
_preload_priority_models,2,C:\Bldr\core\model_manager.py;C:\Bldr\scripts\optimized_bldr_rag_trainer.py,,Pending,
get_model_stats,2,C:\Bldr\core\model_manager.py;C:\Bldr\core\trainer.py,,Pending,
_generate_filename,2,C:\Bldr\core\norms_updater.py;C:\Bldr\core\super_smart_coordinator.py,,Pending,
register_webhook,2,C:\Bldr\core\plugin_manager.py;C:\Bldr\plugins\webhook_plugin.py,,Pending,
trigger_event,2,C:\Bldr\core\plugin_manager.py;C:\Bldr\plugins\webhook_plugin.py,,Pending,
list_webhooks,2,C:\Bldr\core\plugin_manager.py;C:\Bldr\plugins\webhook_plugin.py,,Pending,
configure_service,2,C:\Bldr\core\plugin_manager.py;C:\Bldr\plugins\third_party_integration_plugin.py,,Pending,
get_service_config,2,C:\Bldr\core\plugin_manager.py;C:\Bldr\plugins\third_party_integration_plugin.py,,Pending,
generate_ppr,2,C:\Bldr\core\ppr_generator.py;C:\Bldr\core\tools_adapter.py,,Pending,
_categorize_error,2,C:\Bldr\core\tools_system.py;C:\Bldr\core\tools_system.py,,Pending,
_calculate_estimate,2,C:\Bldr\core\tools_system.py;C:\Bldr\scripts\optimized_bldr_rag_trainer.py,,Pending,
parse_estimate_unified,2,C:\Bldr\core\unified_estimate_parser.py;C:\Bldr\core\unified_estimate_parser.py,,Pending,
add_message,2,C:\Bldr\core\agents\conversation_history.py;C:\Bldr\core\agents\conversation_history_compressed.py,,Pending,
clear_history,2,C:\Bldr\core\agents\conversation_history.py;C:\Bldr\core\agents\conversation_history_compressed.py,,Pending,
get_formatted_history,2,C:\Bldr\core\agents\conversation_history.py;C:\Bldr\core\agents\conversation_history_compressed.py,,Pending,
_direct_response,2,C:\Bldr\core\agents\coordinator_agent.py;C:\Bldr\core\agents\roles_agents.py,,Pending,
_create_agent,2,C:\Bldr\core\agents\coordinator_agent.py;C:\Bldr\core\agents\roles_agents.py,,Pending,
execute_task,3,C:\Bldr\core\agents\roles_agents.py;C:\Bldr\core\agents\roles_agents.py;C:\Bldr\core\agents\specialist_agents.py,,Pending,
get_agent,2,C:\Bldr\core\agents\roles_agents.py;C:\Bldr\core\agents\specialist_agents.py,,Pending,
add_dependency,2,C:\Bldr\core\meta_tools\dag_orchestrator.py;C:\Bldr\core\meta_tools\dag_orchestrator.py,,Pending,
send_command_to_bot,2,C:\Bldr\integrations\telegram_bot.py;C:\Bldr\integrations\telegram_bot_fixed.py,,Pending,
load_env_file,2,C:\Bldr\integrations\telegram_bot.py;C:\Bldr\integrations\telegram_bot_fixed.py,,Pending,
dummy_function,2,C:\Bldr\integrations\telegram_bot.py;C:\Bldr\integrations\telegram_bot_fixed.py,,Pending,
_stage6_regex_to_rubern,2,C:\Bldr\scripts\bldr_rag_trainer.py;C:\Bldr\scripts\optimized_bldr_rag_trainer.py,,Pending,
_stage7_rubern_markup,2,C:\Bldr\scripts\bldr_rag_trainer.py;C:\Bldr\scripts\optimized_bldr_rag_trainer.py,,Pending,
_convert_networkx_to_mermaid,2,C:\Bldr\scripts\bldr_rag_trainer.py;C:\Bldr\scripts\optimized_bldr_rag_trainer.py,,Pending,
_export_mermaid_to_file,2,C:\Bldr\scripts\bldr_rag_trainer.py;C:\Bldr\scripts\optimized_bldr_rag_trainer.py,,Pending,
_stage7_rubern_markup_enhanced,2,C:\Bldr\scripts\bldr_rag_trainer.py;C:\Bldr\scripts\optimized_bldr_rag_trainer.py,,Pending,
_generate_embeddings_with_batching,2,C:\Bldr\scripts\bldr_rag_trainer.py;C:\Bldr\scripts\optimized_bldr_rag_trainer.py,,Pending,
_stage3_local_scan_and_copy,3,C:\Bldr\scripts\bldr_rag_trainer.py;C:\Bldr\scripts\fast_bldr_rag_trainer.py;C:\Bldr\scripts\optimized_bldr_rag_trainer.py,,Pending,
_is_port_in_use,2,C:\Bldr\system_launcher\component_manager.py;C:\Bldr\system_launcher\diagnostic_tools.py,,Pending,
